"plaza","hotel","valor"
"CEAGU","Fiesta Inn",4.5
"CEAGU","Hampton Inn",4.8
"CEAGU","Mision Sur",3.5
"CEAGU","One Industrial",3.7
"CEAGU","One San Marcos",3.85
"CEAGU","QUINTA INN",4.35
"CEALM","Zocalo Central",2.3
"CEALM","One Alameda",3.15
"CEALM","NH Centro Historico",3.05
"CEALM","Ibis Alameda",2.75
"CEALM","Fiesta Inn Alameda",4.25
"CEALM","Best Western Majestik",2
"CEANG","Galeria Plaza",4.25
"CEANG","HIE",4.5
"CEANG","NH Collection",4.6
"CEANG","Marriot Zona Rosa",4.7
"CEANG","Sheraton Maria Isabel",4.7
"CEBNV","Ramada",3.35
"CEBNV","Holiday Inn",4.7
"CEBNV","Casa Blanca",3.2
"CECEA","Fiesta Inn Plaza Central",4.45
"CECEA","Krystal Urban",4.45
"CECEG","Real Inn",4.7
"CECEG","Holiday Inn Express",4.65
"CECEG","Casa Inn",4.45
"CECEG","CECEL",3.85
"CECEG","Fiesta Inn",4.8
"CECEL","Fiesta Inn",3.9
"CECEL","CECEG",4
"CECEL","Casa Inn",3.95
"CECEL","Casa Inn Galerias",4.3
"CECEL","Casa Real",0
"CECEL","Holiday inn Express Y Suites",4.3
"CECEL","Wyndham Garden Hotel",4.3
"CECEL","One",2.9
"CECEN","Gamma",3.65
"CECEN","Fiesta Inn",4.65
"CECJS","Fiesta Inn",3.95
"CECJS","Hampton Inn",3.9
"CECJS","Maria Bonita",2.9
"CECJS","I Stay",3.05
"CECLO","Ms Chipichape",3.25
"CECLO","Torre de Cali",0
"CECLO","Hampton Inn",4.25
"CECLO","Cosmos Cali",3.6
"CECMA","Camino Real Aeropuerto",4.65
"CECMA","Fiesta Inn Aeropuerto",4.75
"CECMA","HIE Aeropuerto",4.3
"CECMA","H.I. Dali Aeropuerto",4.5
"CECMA","Ramada",4.2
"CECMA","NH Collection Aeropuerto",4.9
"CECME","One",3.25
"CECME","La Venta",3.5
"CECME","Holiday Inn Express",4.1
"CECME","Fiesta Inn",4.25
"CECOA","Fiesta inn",3.45
"CECOA","Best Western",2.2
"CECOA","ONE",2.55
"CECOA","NH",2.85
"CECSL","Los Patios",4
"CECSL","Quinta del Sol",4.35
"CECSL","Seven Crown",3.55
"CECSL","Ameyal",3.6
"CECSL","Holiday Inn Express",4.6
"CECTM","Capital Plaza",2.85
"CECTM","Fiesta Inn",4.4
"CECTM","Hotel Los Cocos",2.75
"CECUL","IBIS",2.7
"CECUL","Microtel",3.5
"CECUL","One",3.15
"CECUL","San Marcos",3.7
"CECUL","Sleep Inn",2.7
"CECUL","Fiesta Inn",4.15
"CECUL","Holiday Inn Express",3.55
"CECUL","Wyndham Ejecutivo",3.65
"CECUN","Fiesta Inn",4.7
"CECUN","Adara",4
"CECUN","Ramada",3.55
"CECUN","La quinta",3.9
"CECUU","Microtel",0
"CECUU","Quality inn",0
"CECUU","Palacio del Sol",0
"CECUU","Sicomoro",0
"CECUU","Casa Grande Aeropuerto",0
"CECVM","Best Western",2.75
"CECVM","Hampton Inn",3.9
"CECVM","Ramada",2.9
"CECVM","Istay",4.05
"CEDGO","Mision Express",2.6
"CEDGO","One",2.55
"CEDGO","Victoria Express",2.6
"CEDGO","Holiday Inn",2.9
"CEDGO","Best Western",2.85
"CEDGO","Fiesta Inn",2.9
"CEEBC","HIE",4.75
"CEEBC","Geneve",0
"CEEBC","Royal",4.55
"CEEBC","NH Collection",4.75
"CEEBC","Mision Zona Rosa",4.35
"CEEBC","Marcopolo",0
"CEEBC","Holiday Inn Zona Rosa",4.55
"CEEGD","Holiday Inn Guadalajara Expo",3.35
"CEEGD","Ibis",2.55
"CEEGD","Riu",4.45
"CEEGD","Select",0
"CEEGD","Real Inn",3.75
"CEEGD","Plaza Expo",3.4
"CEEGD","Suites Carolina",0
"CEEGD","Wyndham",2.6
"CEEGD","Hilton",4.55
"CEEGD","Holiday Inn Expo",3.5
"CEEGD","Fiesta Inn",3.85
"CEEGD","Arriva Express",4.2
"CEGDA","City Junior Guadalajara Periferico",3.65
"CEGDA","Holiday Inn Aeropuerto",4.65
"CEGDA","Hampton Inn Aeropuerto",4.45
"CEGDA","One Tapatio",3.5
"CEGDP","Ramada Encore",4.45
"CEGDP","Holiday Inn ITESO",4.55
"CEHMO","Hotel Colonial",3.2
"CEHMO","Ibis",2.2
"CEHMO","Lucerna",4.2
"CEHMO","Holiday Inn",4
"CEHMO","Hampton Inn",4.25
"CEHMO","Fiesta Inn",3.7
"CEHMO","Araiza",3.8
"CEINS","City Express Patio Universidad",4.85
"CEINS","COURTYARD",4.8
"CEINS","Diplomatico",4.55
"CEINS","Fiesta Inn Insurgentes Viaducto",4.9
"CEINS","Fiesta Inn Teatro de Los Insurgentes",4.85
"CEINS","Holiday Inn Plaza Universidad",4.9
"CEINS","Holiday Inn Revolucion",4.85
"CEINS","One Patriotismo",4.5
"CEIRA","One",3.55
"CEIRA","Wyndham",4.1
"CEIRA","Holiday Inn",4.85
"CEIRA","CE Irapuato Norte",4.15
"CEIRA","Casa Inn",4.6
"CEIRN","City Express Irapuato",4.3
"CEIRN","Holiday inn Express Y Suites",4.65
"CEIRN","Wyndham Garden",2.95
"CEIRN","One",4.1
"CEJAL","One",3.4
"CEJAL","Hotel Bello",3.8
"CEJAL","Fiesta Inn",4.65
"CELAP","Araiza Palmira",4.25
"CELAP","One",3.95
"CELAP","Seven Crown Centro",3.75
"CELAP","Seven Crown Malecon",3.45
"CELEO","Real de Minas Express",4.45
"CELEO","Real de Minas",4.6
"CELEO","Wyndham Garden Hotel",4.55
"CELEO","One",3.9
"CELEO","Holiday Inn Poliforum",4.75
"CELEO","Fiesta Inn",4.75
"CELEO","Gamma Leon Universidad",4.25
"CELMM","FIESTA INN",4.35
"CELMM","Ibis",3.6
"CELMM","Plaza Inn",2.75
"CELZC","BAYMONT INN AND SUITES",4.5
"CEMID","Fiesta Inn",4.65
"CEMID","HIE",4.7
"CEMID","Ibis",3.4
"CEMID","Mision Express",3.25
"CEMLM","Howard Johnson",3.25
"CEMLM","Hotel Alameda",3.1
"CEMLM","Hotel Mision Catedral",3.7
"CEMLM","Hotel Vista Express",2.15
"CEMLM","Best Western Hotel Casino",2.6
"CEMTA","Best Western",3.95
"CEMTA","Courtyard Marriot Aeropuerto",4.35
"CEMTA","Fairfield",3.55
"CEMTA","Ibis Aeropuerto",2.7
"CEMTA","One",3.35
"CEMTN","Wyndham",3.75
"CEMTN","Holiday Inn",4.2
"CEMTN","Best Western",3.55
"CEMTR","Fiesta Inn",3.8
"CEMTR","Holiday Inn",3.85
"CEMTR","Holiday Inn Express Tecnologico",3.55
"CEMTT","Best Western Minatitlán",3
"CEMTY","Holiday Inn Galerias",0
"CEMTY","Holiday Inn Centro (RIO)",0
"CEMTY","Hampton Inn Galerias",0
"CEMTY","Best Western",0
"CEMTY","Best Western Valle Real",3.45
"CEMXL","Calafia",3.55
"CEMXL","Araiza",4.05
"CEMXL","Fiesta inn",3.8
"CEMXL","Colonial",2.45
"CEMXL","Lucerna",4.1
"CEMXL","Real Inn Mexicali",4
"CEMZT","Mision",4.9
"CEMZT","Fiesta Inn",0
"CEMZT","Aguamarina",4.45
"CEMZT","Best Western Posada Freeman",4.7
"CEMZT","Don Pelayo",4.5
"CENLD","HIE",3.7
"CENLD","Hilton Garden Inn",0
"CENLD","Fiesta Inn",3.95
"CENLD","Best Western",4.05
"CENLD","Real Inn",4.3
"CENLD","Santa Maria",0
"CENLD","Quality Inn",4.2
"CENOG","Fiesta Inn",4.4
"CEOAX","Fiesta Inn",4.45
"CEOAX","Holiday Inn Express",4.15
"CEOAX","Fortin Plaza",4.1
"CEOAX","Victoria",3.1
"CEOAX","One",3.65
"CEPAN","La Quinta",4.95
"CEPAN","Holiday Inn La Noria",4.85
"CEPAN","Villa Florida",4.4
"CEPAN","Fiesta Inn Las Animas",4.95
"CEPAN","Holiday inn Express Y Suites",4.95
"CEPAN","HIE",5
"CEPAN","Courtyard Marriot",5
"CEPAN","Camino Real Angelopolis",5
"CEPAN","Camino Real Y Suites",5
"CEPAN","Barcelo JF Puebla",4.75
"CEPAT","Baez Paraiso",3.5
"CEPAT","Holiday Inn",4.45
"CEPAU","Holiday Inn",4.85
"CEPAU","CS Puebla Autopista",3.85
"CEPAU","Fiesta Inn",4.55
"CEPAU","One",3.35
"CEPAZ","Hotel Victoria",0
"CEPAZ","Paris Hotel FC",4.05
"CEPAZ","Quinta Inn",4.55
"CEPAZ","Rio Vista Inn",3.55
"CEPAZ","Fiesta Inn",4.2
"CEPAZ","Best Western",0
"CEPAZ","Holiday Inn",0
"CEPAZ","Hipico Inn",3.85
"CEPDC","Fiesta Inn",4.45
"CEPDC","Wyndham Garden",3.9
"CEPDC","Magic Express",0
"CEPDC","One",3.45
"CEPDS","Quality Inn Piedras Negras",3.35
"CEPDS","Best Western",3.3
"CEPDS","Holiday Inn Express Piedras Negras",3.6
"CEPUE","Posada San Pedro",3.85
"CEPUE","San Leonardo",4.3
"CEPUE","NH Puebla",4.95
"CEPUE","Ikonik",4.7
"CEPUN","Holiday Inn Plaza Universidad",4.55
"CEPUN","Holiday Inn Revolucion",4.35
"CEPUN","Holiday Inn Tlalpan",4.4
"CEPUN","City Express Insurgentes",4.35
"CEPUN","Fiesta Inn Teatro de Los Insurgentes",4.65
"CEQRJ","Hampton Inn",3.5
"CEQRJ","Encore",3.8
"CEQRJ","Holiday Inn",0
"CEQRJ","Camelinas",3.45
"CEQRJ","4 Points By Sheraton",0
"CEQRJ","Fiesta Inn",4.1
"CEQRJ","Holiday Inn Kristal",0
"CEQRJ","Home 2 Suites",0
"CEQRJ","Mision Express",0
"CEQRJ","NH",3.15
"CEQRJ","One",2.45
"CEQRJ","Zar",0
"CEQRJ","Staybridge",0
"CEQRO","Radisson PC",0
"CEQRO","Occidental by Barcelo",3.7
"CEQRO","Real de Minas",0
"CEQRO","ONE",3.1
"CEQRO","Mercury",0
"CEQRO","One Centro Sur",3.4
"CEQRO","NH",3.7
"CEQRO","IBIS",2.7
"CEQRO","Fiesta Inn",4.55
"CEQRO","Domun",4.4
"CEQRO","Holiday Inn CH",0
"CEQRO","Fiesta Inn Centro Sur",4.55
"CEREA","Hampton Inn",3.95
"CEREA","Fiesta Inn",3.85
"CEREA","Holiday Inn I.P",3.95
"CEREA","Holiday Inn Z.D.",3.9
"CEREA","One",3.3
"CEREX","One",3.45
"CEREX","Holiday inn ZD",0
"CEREX","Holiday Inn IP",4.5
"CEREX","Fiesta Inn",0
"CEREX","Best Western",0
"CEREX","Hampton Inn",4.7
"CEROS","Festival Plaza",3.15
"CEROS","Pueblito Inn",2.9
"CESAL","Quality Inn Eurotel",3.3
"CESAL","Park Inn",0
"CESAL","Quinta Dorada",3.65
"CESAL","Hampton Inn",4.05
"CESAL","Four Points",3.8
"CESAL","HIE",4.3
"CESAL","Camino Real",4.15
"CESAL","Fiesta Inn",4.65
"CESCX","One",4.25
"CESFE","Novohotel",4.3
"CESFE","NH Santa Fe",4.8
"CESFE","Comfort Inn",4.3
"CESFE","Camino Real Santa Fe",4.8
"CESFE","Holiday inn Express Santa Fe",4.65
"CESFE","Fiesta Inn Santa Fe",4.75
"CESIL","Hampton Inn",4.7
"CESIL","ONE Silao",3.75
"CESIL","Holiday Inn Guanajuato",0
"CESIL","Holiday Inn Silao",0
"CESIL","Wyndham Garden Bajio Aeropuerto",4.35
"CESJO","WYNDHAM",4.5
"CESJO","Double Tree Cariari",1
"CESJO","Best Western",4.35
"CESJO","Barcelo",1
"CESJO","Country Inn",4.2
"CESLM","Hampton Inn",4.7
"CESLM","Holiday Inn",4.95
"CESLM","One",3.5
"CESLP","One",3.5
"CESLP","Ibis",3.45
"CESLP","La Quinta Inn",0
"CESLP","Holiday Inn",4.8
"CESLP","HIE",4.75
"CESLP","Encore",4.45
"CESLP","Fiesta Inn Oriente",4.6
"CESLP","CS San Luis Potosi",4
"CESLP","Courtyard Marriot",0
"CESLP","Fiesta Inn",4.25
"CESLU","CJSLP ",4.05
"CESLU","Ankara",4.15
"CESLU","Westin",4.8
"CESLU","Real Inn",4.8
"CESLW","One Derramadero",2.65
"CESLW","Camino Real",4.15
"CESTL","Fiesta Inn Naucalpan",4.3
"CESTL","NH Valle dorado",4.4
"CESTL","Maria Barbara",4.75
"CESTL","Real Inn Perinorte",4.5
"CETAM","Rio Vista Inn",3
"CETAM","Posada Tampico",3.8
"CETAM","Hampton Inn",4.4
"CETAM","Confort Inn",3
"CETAM","Fiesta Inn",4.15
"CETCN","Gran Hotel Mexico",3.15
"CETCN","Hotel Zenith",0
"CETGZ","Vista Inn",0
"CETGZ","Fiesta Inn",0
"CETII","Fiesta Inn",0.5
"CETII","Baja Inn",0.5
"CETII","Holiday Inn",0.65
"CETIR","Holiday Inn",4.1
"CETIR","Real del Rio",3.1
"CETIR","Real Inn",4.2
"CETIR","Marriot",4.35
"CETIR","Lucerna",4.05
"CETLC","Microtel",3.2
"CETLC","One",0
"CETLC","Fiesta Inn Aeropuerto",3.9
"CETLC","Gran Plaza Imperial",3.4
"CETLC","HIE Y Suites",3.85
"CETLC","Fiesta Inn",3.95
"CETLC","Crowne Plaza",0
"CETLC","Courtyard Marriot Aeropuerto",0
"CETPO","Fiesta Inn Perinorte",4.4
"CETPO","Fiesta Inn Cuatitlan",4.6
"CETPO","One Cuatitlan",3.9
"CETPO","Ibis",3.2
"CETRC","Real Inn",4.35
"CETRC","Sleep Inn",3.6
"CETRC","Fresno Galerias",3.4
"CETRC","Fiesta Inn Galerias",4.2
"CETRC","HAMPTON INN",3.9
"CETRC","HIE",4.2
"CETRC","BEST WESTERN",3.45
"CETXA","Best Western del Angel",3.55
"CETXA","Mision",3
"CETXP","Crowne Plaza",4.8
"CETXP","Holiday Inn",4.85
"CEVER","HIE",4.2
"CEVER","Hilton Garden Inn",4.25
"CEVER","Fiesta Inn Playa",4.3
"CEVER","F Star",0
"CEVER","Best Western",4.35
"CEVER","Castelo",4.25
"CEVER","NH Cristal",0
"CEVER","Indigo",4.55
"CEVER","Rivoli",0
"CEVSA","La Venta",3.65
"CEVSA","One Tabasco 2000",4.05
"CEVSA","One",3.65
"CEVSA","Best Western",3
"CEVSA","Fiesta Inn",4.4
"CEVSA","Holiday Inn",4.4
"CEZCL","Hacienda del Bosque",4.1
"CEZCL","Emporio",0
"CEZCL","Hampton Inn",4.85
"CEZCL","Fiesta Inn",4.85
"CEZCL","Don Miguel",3.7
"CEZCL","Mision",4.1
"CEZCL","Parador",3.45
"CEZLO","Camino Real",4.55
"CEZLO","HIE",4.35
"CJAGU","Ce Aguascalientes Sur",4.15
"CJAGU","Aranzazu",3.2
"CJAGU","One Sur",3.6
"CJAGU","One San Marcos",3.6
"CJCJS","Microtel",3.3
"CJCJS","Maria Bonita Y Suites",3.6
"CJCJS","La Quinta",3.4
"CJCJS","Ibis",2.7
"CJCJS","MesaLuna",3.45
"CJCME","One",3.65
"CJCME","Fiesta Inn",4.15
"CJCME","Holiday Inn Express",4
"CJCMI","Hampton Inn",3.95
"CJCMI","Extended Suites",3
"CJCMI","Fiesta Inn",4.2
"CJCMI","City Junior Cd Carmen",3.55
"CJCMI","One",3.5
"CJCUN","One",4.55
"CJCUN","Ibis",4.25
"CJCUN","Plaza kokai",3.5
"CJCUN","Xbalanque",3.4
"CJGPS","Tapatio",3.6
"CJGPS","POSADA VIRREYES",3.1
"CJGPS","One Guadalajara Tapatio",3.45
"CJGPS","City Express Aeropuerto",3.75
"CJGPS","Holiday Inn Express Aeropuerto",3.75
"CJGPS","Hampton Inn Aeropuerto",3.4
"CJMID","Mision Express",3.35
"CJMID","Ibis",3
"CJMXL","Siesta Real",2.4
"CJPAU","Plaza las Fuentes",2.8
"CJPAU","One",3.95
"CJSLP","CE San Luis Universidad",4.4
"CJSLP","Panorama",4.15
"CJSLP","San Francisco",3.65
"CJTCC","Microtel",4.55
"CJTCC","Hotel del Rey",4.65
"CJTCC","Best Western",3.9
"CJTCC","HIE Tollocan",4.6
"CJTGZ","City Express Tuxtla Gutierrez",4.55
"CJTGZ","Quality Inn",3.75
"CJTGZ","Vista Inn Premium",3.45
"CJTIO","La mesa inn",3.1
"CJTIO","fiesta inn otay",4.35
"CJTLC","City Express",3.75
"CJTLC","Microtel",3.6
"CJTLC","One",3.3
"CJVER","Yes Inn",4
"CJVSA","Real Inn",0
"CJVSA","One",3.6
"CJVSA","One Tabasco 2000",4.1
"CJVSA","Mision Express",3.75
"CJVSA","La Venta Inn",3.9
"CPMSJ","Courtyard by Marriott",4.2
"CPMSJ","Hampton Inn",4.15
"CPMSJ","Four Points Monterrey Galerias",4.1
"CPMSJ","Hilton Garden Inn Monterrey",4
"CPMSJ","Holiday Inn Express",3.85
"CPPST","HI Medica Sur",3.9
"CPPST","Fiesta Inn PS",4
"CPPST","One PS",3.05
"CPPST","Royal Pedregal",3.15
"CPPST","Radisson Paraiso",3.4
"CPSTM","Real Inn",4.3
"CPSTM","NH Valle Dorado",4.35
"CPSTM","Krystal Maria Barbara",4.5
"CPSTM","Fiesta Inn Naucalpan",4.25
"CPSTM","CPSTL",4.2
"CPSTM","Fiesta Inn Tlalnepantla",4.2
"CSANZ","Fiesta Americana Grand",4.45
"CSANZ","Camino Real",4.05
"CSANZ","Suites del Angel",0
"CSCSL","Quinta del Sol",4.25
"CSCSL","Ameyal",4
"CSCSL","Holiday Inn Express",4.65
"CSPAU","Holiday Inn Finsa",4.75
"CSPAU","Fiesta Inn Finsa",4.4
"CSPAU","Ce Puebla Autopista",4.05
"CSPAU","Staybridge",4.8
"CSPDC","Wyndham Garden",3.9
"CSPDC","CEPDC",4.05
"CSPDC","Anah Suites",0
"CSPDC","Fiesta Inn",4.45
"CSQRO","Fiesta Inn",4.4
"CSQRO","Casa Cayala",3.75
"CSQRO","Candlewood",4.05
"CSQRO","Four Points by Sheraton",4.15
"CSQRO","Holiday Inn Express",4
"CSQRO","Holiday Inn CH",4.3
"CSQRO","Staybridge",3.75
"CSQRO","NH",3.95
"CSQRO","Jurica",4.45
"CSQRO","Juriquilla",4.45
"CSQRO","Home 2 Suite",4
"CSQRO","Holiday Inn Kristal",4.4
"CSSFE","Stadia Suites",4.6
"CSSFE","Presidente Intercontinental",4.8
"CSSFE","Sheraton Suites",4.65
"CSSFE","Fiesta Americana",4.65
"CSSFE","Distrito Capital",4.6
"CSSIL","Hampton Inn",4.55
"CSSIL","Holiday Inn",4.55
"CSSIL","Hotsson",4.6
"CSSLP","La Quinta Inn",4.85
"CSSLP","Marriot Courtyard",4.85
"CSSLP","Maria Dolores",4.6
"CSSLP","Holiday Inn",4.85
"CSSLP","HIE",4.9
"CSSLP","Encore",4.75
"CSSLP","Fiesta Inn Oriente",4.8
"CSSLP","Fiesta Inn",4.85
"CSTIR","Holiday Inn",3.85
"CSTIR","Lucerna",4.3
"CSTIR","Real Inn",4.05
"CSTLC","HIE Y Suites",4.55
"CSTLC","Courtyard Marriot Aeropuerto",4.35
"CSTLC","Crowne Plaza",4.4
"CEAGU","CEAGU",4.1
"CEALM","CEALM",3.95
"CEANG","CEANG",4.5
"CEBNV","CEBNV",4.3
"CECEA","CECEA",3.6
"CECEG","CECEG",3.85
"CECEL","CECEL",4.2
"CECEN","CECEN",4.05
"CECJS","CECJS",3.7
"CECLO","CECLO",4.3
"CECMA","CECMA",4.25
"CECME","CECME",3.8
"CECNA","CECNA",3.9
"CECOA","CECOA",2.85
"CECPE","CECPE",0.8
"CECSL","CECSL",4.75
"CECTM","CECTM",3.85
"CECUL","CECUL",3.65
"CECUN","CECUN",3.5
"CECUU","CECUU",0
"CECVM","CECVM",3.85
"CEDGO","CEDGO",2.9
"CEEBC","CEEBC",4.5
"CEEGD","CEEGD",3.85
"CEGDA","CEGDA",4.45
"CEGDP","CEGDP",4.15
"CEHMO","CEHMO",3.7
"CEINS","CEINS",4.8
"CEIRA","CEIRA",4.55
"CEIRN","CEIRN",4.25
"CEJAL","CEJAL",3.8
"CELAP","CELAP",4.1
"CELEO","CELEO",4.3
"CELMM","CELMM",3.95
"CELRZ","CELRZ",3.95
"CELZC","CELZC",4.05
"CEMAT","CEMAT",0
"CEMID","CEMID",3.7
"CEMLM","CEMLM",3.4
"CEMTA","CEMTA",3.95
"CEMTN","CEMTN",3.85
"CEMTR","CEMTR",3.6
"CEMTT","CEMTT",4.1
"CEMTY","CEMTY",3.1
"CEMXL","CEMXL",3.7
"CEMZT","CEMZT",4.05
"CENLD","CENLD",3.25
"CENOG","CENOG",3.9
"CEOAX","CEOAX",3.85
"CEPAN","CEPAN",4.6
"CEPAT","CEPAT",4.25
"CEPAU","CEPAU",3.55
"CEPAZ","CEPAZ",3.45
"CEPDC","CEPDC",4
"CEPDS","CEPDS",3.5
"CEPUE","CEPUE",4.55
"CEPUN","CEPUN",4.35
"CEQRJ","CEQRJ",3.75
"CEQRO","CEQRO",4.25
"CEREA","CEREA",3.65
"CEREX","CEREX",4.25
"CEROS","CEROS",4.8
"CESAL","CESAL",3.85
"CESCL","CESCL",0
"CESCX","CESCX",4.5
"CESFE","CESFE",4.75
"CESIL","CESIL",4.4
"CESJO","CESJO",4.05
"CESLM","CESLM",4.6
"CESLP","CESLP",4
"CESLU","CESLU",4
"CESLW","CESLW",3.45
"CESTL","CESTL",4.65
"CETAM","CETAM",4.15
"CETCN","CETCN",4.55
"CETEP","CETEP",3.85
"CETGZ","CETGZ",0
"CETII","CETII",3.9
"CETIR","CETIR",3.8
"CETLC","CETLC",3.75
"CETPO","CETPO",3.9
"CETRC","CETRC",3.9
"CETUL","CETUL",4.9
"CETXA","CETXA",3
"CETXP","CETXP",4.8
"CEVER","CEVER",4
"CEVSA","CEVSA",4.4
"CEZCL","CEZCL",4.1
"CEZLO","CEZLO",4.1
"CEZMM","CEZMM",4
"CJAGU","CJAGU",3.8
"CJBOG","CJBOG",3.55
"CJCJS","CJCJS",3.1
"CJCME","CJCME",3.55
"CJCMI","CJCMI",3.5
"CJCUN","CJCUN",4.3
"CJCUU","CJCUU",0
"CJGPS","CJGPS",3.35
"CJMID","CJMID",2.95
"CJMXL","CJMXL",2.9
"CJPAU","CJPAU",4.05
"CJSLP","CJSLP",4.2
"CJTCC","CJTCC",4.15
"CJTGZ","CJTGZ",3.8
"CJTIO","CJTIO",3.6
"CJTLC","CJTLC",2.7
"CJVER","CJVER",3.3
"CJVSA","CJVSA",4.2
"CPBOG","CPBOG",3.95
"CPMSJ","CPMSJ",4
"CPPST","CPPST",3.75
"CPSTM","CPSTM",4.2
"CSANZ","CSANZ",4.25
"CSCSL","CSCSL",4.75
"CSPAU","CSPAU",4.15
"CSPDC","CSPDC",4.4
"CSQRO","CSQRO",4.05
"CSSFE","CSSFE",4.5
"CSSIL","CSSIL",4.4
"CSSLP","CSSLP",4.8
"CSTIR","CSTIR",4.1
"CSTLC","CSTLC",3.95
"CCMEX","Gran Hotel",4.75
"CCMEX","Hampton",4.25
"CCMEX","Historico Central",4.75
"CCMEX","Zocalo Central",4.85
"CJSLI","CESLP",4.8
"CJSLI","Comfort Inn",4.3
"CJSLI","Ibis",4.35
"CJSLI","One",4.2
"CCMEX","CCMEX",4.05
"CJSLI","CJSLI",4.3
"CEINS","Royal Parroquia",0
"CELEO","One Antares",3.95
"CELRZ","Fairfield Inn",4.05
"CENLD","Hotel Hacienda",0
"CESJO","Ramada Plaza Herradura",1
"CESLP","CSSLP",0
"CESTL","City Express Plus Mundo E",4.45
"CETGZ","HOTEL QUALITY INN",0
"CETII","Lausana",0
"CETLC","Holiday Inn Tollocan ",0
"CJBOG","Estelar de la Feria",4.15
"CJBOG","San Pablo",2.75
"CJBOG","Tryp Bogota Embajada",4.35
"CJCJS","Extended Suites",2.85
"CJTIO","Gamma de Fiesta Inn",4.15
"CPBOG","Aloft",4.1
"CPBOG","Capital",4.3
"CPBOG","Habitel",4.05
"CPBOG","HI Aropuerto",4.5
"CSANZ","Windham Garden",4.35
"CSSLP","CJSLI",4.5
"CECEG","One",3.4
"CEEGD","One",2.55
"CEIRN","Hotsson",4.75
"CEIRN","Ibis",3.6
"CELRZ","Courtyard",4.4
"CEMTY","Sleep Inn",3.55
"CENLD","Camino Real",0
"CESLP","Country Inn",0
"CESLU","Camino real",4.55
"CESLU","NH",4.6
"CETXP","Holiday Inn Express",4.85
"CEZCL","Best Western",0
"CJMXL","One",2.8
"CSPAU","ENCORE",4.4
"CSSIL","Fiesta Inn",4.65
"CSSIL","Istay",4.45
"CSSLP","CESLP",4.75
"CJPAN","Villaflorida",4.3
"CJPAN","CJPAN",4.2
"CECEG","Hampton Inn",4.5
"CJSLP","NH",4.4
"CJSLP","Concordia",4.15
"CPPVT","CPPVT",4.2
"CPPVT","Comfort Inn",3.1
"CPPVT","Holiday Inn",4.25
"CPPVT","Fiesta Inn",4.5
"CECOA","Extended Suites",2.4
"CECOA","Extended Suites",2.4
"CEALT","Holiday Inn",3.95
"CEALT","Hampton Inn",4.1
"CEALT","CEALT",3.85
"CEVSA","FIrefield Inn",3.7
"CEVSA","Courtyard Marriott",4.55
"CSPAU","NH Select",4.55
"CJSLI","Encore",4.95
"CESLP","CJSLI",3.25
"CJTUX","CJTUX",4.3
"CJTUX","Best Western",3.85
"CEJAL","Holiday Inn Express",4.3
"CEAGU","CJAGU",3.65
"CECEG","Candlewood",4.35
"CEEGD","Hampton Inn Guadalajara Expo",3.75
"CEEGD","AC Guadalajara Expo",4.2
"CSSIL","Holiday Inn Express Y Suites",4.35
"CECEN","Holiday Inn Express Y suites",4.6
"CJCME","CJCMI",3.45
"CEDGO","Hampton Inn",2.75
"CETII","Extended Suites",3.15
"CECME","Fiesta Inn Loft",3.95
"CECME","Extended Suites",2.7
"CPMED","CPMED",3.75
"CPMED","Estelar Blue",3.7
"CPMED","Four Points",4.05
"CPMED","Hampton",3.25
"CPMED","HIE",2.95
"CEMTY","Wyndham Garden",3.1
"CETII","Sleep Inn",3.55
"CJLEO","Real de Minas Express",4
"CJLEO","One Antares",3.65
"CJLEO","One Poliforum",3.65
"CJLEO","CJLEO",4
"CETIO","CETIO",3.7
"CETIO","Fiesta Inn",3.8
"CETIO","Gamma",3.2
"CETIO","Hampton Inn",4.3
"CPLEO","CPLEO",4.45
"CPLEO","CELEO",4.25
"CPLEO","Holiday Inn Leon",4.45
"CPLEO","Fiesta Inn",4.5
"CPLEO","Holiday Inn Centro de Convenciones",4.45
"CPLEO","Real de Minas",3.8
"CPLEO","NH",4.65
"CPLEO","Plaza Stadium",3.8
"CPLEO","HS Hotsson",4.75
"CJLEO","CELEO",4.2
"CJLEO","Holiday Inn Centro de Convenciones",4.5
"CCOAX","CCOAX",4.35
"CCOAX","Holiday Inn Express Oaxaca",4.15
"CCOAX","Fiesta Inn Oaxaca",4.2
"CCOAX","Quinta Real Oaxaca",4.45
"CEMTA","Hampton Inn",3.9
"CEMTA","Holiday Inn Express y Suites",4
"CEMTA","LQ Hotel",4
"CEMTL","CEMTL",4.05
"CEMTL","Four Points Lindavista",3.85
"CEMTL","Quality Inn",3.7
"CEMTL","Fiesta Inn Fundidora",4.35
"CEMXL","Extended Suites",2.9
"CEPAT","Hampton Inn Paraiso",4.45
"CEPAU","Encore Puebla",4.5
"CJPAU","One Galerias Serdan",4.15
"CETPQ","CETPQ",4.25
"CETPQ","Fiesta Inn",4.7
"CETPQ","Las Palomas",3.55
"CETPQ","Best Western",3.75
"CCMEX","Punto MX",3.85
"CETAM","Gamma Tampico",3
"CEBNV","Fiesta Inn",4.55
"CSSFE","AC By Marriot",4.65
"CECLO","Spiwak",4.3
"CECLO","Stancia",3.2
"CJPAN","One",2.15
"CJTGZ","Sleep Inn Tuxtla",2.95
"CSSIL","Staybridge",4.4
"CJTIO","Hampton Inn",4.35
"CECSL","Confort Inn Los Cabos",4.2
"CESAL","Extended Suites Saltillo",0
"CESLW","Mision Express",0
